<?xml version="1.0" encoding="UTF-8"?>
<GenRun Id="impl_1" LaunchPart="xc7a35tcpg236-1" LaunchTime="1745490767">
  <File Type="BITSTR-BMM" Name="AU_7_seg_bd.bmm"/>
  <File Type="OPT-METHODOLOGY-DRC" Name="AU_7_seg_methodology_drc_opted.rpt"/>
  <File Type="INIT-TIMING" Name="AU_7_seg_timing_summary_init.rpt"/>
  <File Type="ROUTE-PWR" Name="AU_7_seg_power_routed.rpt"/>
  <File Type="PA-TCL" Name="AU_7_seg.tcl"/>
  <File Type="OPT-TIMING" Name="AU_7_seg_timing_summary_opted.rpt"/>
  <File Type="OPT-DCP" Name="AU_7_seg_opt.dcp"/>
  <File Type="ROUTE-PWR-SUM" Name="AU_7_seg_power_summary_routed.pb"/>
  <File Type="REPORTS-TCL" Name="AU_7_seg_reports.tcl"/>
  <File Type="OPT-DRC" Name="AU_7_seg_drc_opted.rpt"/>
  <File Type="OPT-HWDEF" Name="AU_7_seg.hwdef"/>
  <File Type="PWROPT-DCP" Name="AU_7_seg_pwropt.dcp"/>
  <File Type="PWROPT-DRC" Name="AU_7_seg_drc_pwropted.rpt"/>
  <File Type="PWROPT-TIMING" Name="AU_7_seg_timing_summary_pwropted.rpt"/>
  <File Type="PLACE-DCP" Name="AU_7_seg_placed.dcp"/>
  <File Type="PLACE-IO" Name="AU_7_seg_io_placed.rpt"/>
  <File Type="PLACE-CLK" Name="AU_7_seg_clock_utilization_placed.rpt"/>
  <File Type="PLACE-UTIL" Name="AU_7_seg_utilization_placed.rpt"/>
  <File Type="PLACE-UTIL-PB" Name="AU_7_seg_utilization_placed.pb"/>
  <File Type="PLACE-CTRL" Name="AU_7_seg_control_sets_placed.rpt"/>
  <File Type="PLACE-SIMILARITY" Name="AU_7_seg_incremental_reuse_placed.rpt"/>
  <File Type="PLACE-PRE-SIMILARITY" Name="AU_7_seg_incremental_reuse_pre_placed.rpt"/>
  <File Type="BG-BGN" Name="AU_7_seg.bgn"/>
  <File Type="PLACE-TIMING" Name="AU_7_seg_timing_summary_placed.rpt"/>
  <File Type="POSTPLACE-PWROPT-DCP" Name="AU_7_seg_postplace_pwropt.dcp"/>
  <File Type="BG-BIN" Name="AU_7_seg.bin"/>
  <File Type="POSTPLACE-PWROPT-TIMING" Name="AU_7_seg_timing_summary_postplace_pwropted.rpt"/>
  <File Type="PHYSOPT-DCP" Name="AU_7_seg_physopt.dcp"/>
  <File Type="PHYSOPT-DRC" Name="AU_7_seg_drc_physopted.rpt"/>
  <File Type="BITSTR-MSK" Name="AU_7_seg.msk"/>
  <File Type="PHYSOPT-TIMING" Name="AU_7_seg_timing_summary_physopted.rpt"/>
  <File Type="ROUTE-ERROR-DCP" Name="AU_7_seg_routed_error.dcp"/>
  <File Type="ROUTE-DCP" Name="AU_7_seg_routed.dcp"/>
  <File Type="ROUTE-BLACKBOX-DCP" Name="AU_7_seg_routed_bb.dcp"/>
  <File Type="ROUTE-DRC" Name="AU_7_seg_drc_routed.rpt"/>
  <File Type="ROUTE-DRC-PB" Name="AU_7_seg_drc_routed.pb"/>
  <File Type="BITSTR-LTX" Name="debug_nets.ltx"/>
  <File Type="BITSTR-LTX" Name="AU_7_seg.ltx"/>
  <File Type="ROUTE-DRC-RPX" Name="AU_7_seg_drc_routed.rpx"/>
  <File Type="BITSTR-MMI" Name="AU_7_seg.mmi"/>
  <File Type="ROUTE-METHODOLOGY-DRC" Name="AU_7_seg_methodology_drc_routed.rpt"/>
  <File Type="ROUTE-METHODOLOGY-DRC-RPX" Name="AU_7_seg_methodology_drc_routed.rpx"/>
  <File Type="BITSTR-SYSDEF" Name="AU_7_seg.sysdef"/>
  <File Type="ROUTE-METHODOLOGY-DRC-PB" Name="AU_7_seg_methodology_drc_routed.pb"/>
  <File Type="ROUTE-PWR-RPX" Name="AU_7_seg_power_routed.rpx"/>
  <File Type="ROUTE-STATUS" Name="AU_7_seg_route_status.rpt"/>
  <File Type="ROUTE-STATUS-PB" Name="AU_7_seg_route_status.pb"/>
  <File Type="ROUTE-TIMINGSUMMARY" Name="AU_7_seg_timing_summary_routed.rpt"/>
  <File Type="ROUTE-TIMING-PB" Name="AU_7_seg_timing_summary_routed.pb"/>
  <File Type="ROUTE-TIMING-RPX" Name="AU_7_seg_timing_summary_routed.rpx"/>
  <File Type="ROUTE-SIMILARITY" Name="AU_7_seg_incremental_reuse_routed.rpt"/>
  <File Type="ROUTE-CLK" Name="AU_7_seg_clock_utilization_routed.rpt"/>
  <File Type="ROUTE-BUS-SKEW" Name="AU_7_seg_bus_skew_routed.rpt"/>
  <File Type="ROUTE-BUS-SKEW-PB" Name="AU_7_seg_bus_skew_routed.pb"/>
  <File Type="ROUTE-BUS-SKEW-RPX" Name="AU_7_seg_bus_skew_routed.rpx"/>
  <File Type="POSTROUTE-PHYSOPT-DCP" Name="AU_7_seg_postroute_physopt.dcp"/>
  <File Type="POSTROUTE-PHYSOPT-BLACKBOX-DCP" Name="AU_7_seg_postroute_physopt_bb.dcp"/>
  <File Type="POSTROUTE-PHYSOPT-TIMING" Name="AU_7_seg_timing_summary_postroute_physopted.rpt"/>
  <File Type="POSTROUTE-PHYSOPT-TIMING-PB" Name="AU_7_seg_timing_summary_postroute_physopted.pb"/>
  <File Type="POSTROUTE-PHYSOPT-TIMING-RPX" Name="AU_7_seg_timing_summary_postroute_physopted.rpx"/>
  <File Type="POSTROUTE-PHYSOPT-BUS-SKEW" Name="AU_7_seg_bus_skew_postroute_physopted.rpt"/>
  <File Type="POSTROUTE-PHYSOPT-BUS-SKEW-PB" Name="AU_7_seg_bus_skew_postroute_physopted.pb"/>
  <File Type="BG-BIT" Name="AU_7_seg.bit"/>
  <File Type="POSTROUTE-PHYSOPT-BUS-SKEW-RPX" Name="AU_7_seg_bus_skew_postroute_physopted.rpx"/>
  <File Type="BITSTR-RBT" Name="AU_7_seg.rbt"/>
  <File Type="BITSTR-NKY" Name="AU_7_seg.nky"/>
  <File Type="BG-DRC" Name="AU_7_seg.drc"/>
  <File Type="RDI-RDI" Name="AU_7_seg.vdi"/>
  <File Type="WBT-USG" Name="usage_statistics_webtalk.html"/>
  <FileSet Name="sources" Type="DesignSrcs" RelSrcDir="$PSRCDIR/sources_1">
    <Filter Type="Srcs"/>
    <File Path="$PSRCDIR/sources_1/imports/new/AU.vhd">
      <FileInfo>
        <Attr Name="ImportPath" Val="$PPRDIR/../Lab 6/Lab 6.srcs/sources_1/new/AU.vhd"/>
        <Attr Name="ImportTime" Val="1743430538"/>
        <Attr Name="UsedIn" Val="synthesis"/>
        <Attr Name="UsedIn" Val="simulation"/>
      </FileInfo>
    </File>
    <File Path="$PSRCDIR/sources_1/new/LUT_16_7.vhd">
      <FileInfo>
        <Attr Name="UsedIn" Val="synthesis"/>
        <Attr Name="UsedIn" Val="simulation"/>
      </FileInfo>
    </File>
    <File Path="$PSRCDIR/sources_1/imports/new/RCA_4.vhd">
      <FileInfo>
        <Attr Name="ImportPath" Val="$PPRDIR/../Lab 6/Lab 6.srcs/sources_1/new/RCA_4.vhd"/>
        <Attr Name="ImportTime" Val="1743428363"/>
        <Attr Name="UsedIn" Val="synthesis"/>
        <Attr Name="UsedIn" Val="simulation"/>
      </FileInfo>
    </File>
    <File Path="$PSRCDIR/sources_1/imports/new/Reg.vhd">
      <FileInfo>
        <Attr Name="ImportPath" Val="$PPRDIR/../Lab 6/Lab 6.srcs/sources_1/new/Reg.vhd"/>
        <Attr Name="ImportTime" Val="1743430269"/>
        <Attr Name="UsedIn" Val="synthesis"/>
        <Attr Name="UsedIn" Val="simulation"/>
      </FileInfo>
    </File>
    <File Path="$PSRCDIR/sources_1/imports/new/Slow_Clk_1.vhd">
      <FileInfo>
        <Attr Name="ImportPath" Val="$PPRDIR/../Lab 6/Lab 6.srcs/sources_1/new/Slow_Clk_1.vhd"/>
        <Attr Name="ImportTime" Val="1743430045"/>
        <Attr Name="UsedIn" Val="synthesis"/>
        <Attr Name="UsedIn" Val="simulation"/>
      </FileInfo>
    </File>
    <File Path="$PSRCDIR/sources_1/new/AU_7_seg.vhd">
      <FileInfo>
        <Attr Name="UsedIn" Val="synthesis"/>
        <Attr Name="UsedIn" Val="simulation"/>
      </FileInfo>
    </File>
    <File Path="$PSRCDIR/sources_1/imports/new/Slow_Clk.vhd">
      <FileInfo>
        <Attr Name="AutoDisabled" Val="1"/>
        <Attr Name="ImportPath" Val="$PPRDIR/../Lab 6/Lab 6.srcs/sources_1/new/Slow_Clk.vhd"/>
        <Attr Name="ImportTime" Val="1743428998"/>
        <Attr Name="UsedIn" Val="synthesis"/>
        <Attr Name="UsedIn" Val="simulation"/>
      </FileInfo>
    </File>
    <Config>
      <Option Name="DesignMode" Val="RTL"/>
      <Option Name="TopModule" Val="AU_7_seg"/>
      <Option Name="TopAutoSet" Val="TRUE"/>
    </Config>
  </FileSet>
  <FileSet Name="constrs_in" Type="Constrs" RelSrcDir="$PSRCDIR/constrs_1">
    <Filter Type="Constrs"/>
    <File Path="$PSRCDIR/constrs_1/imports/CS1050/Basys3Labs.xdc">
      <FileInfo>
        <Attr Name="ImportPath" Val="$PPRDIR/../Basys3Labs.xdc"/>
        <Attr Name="ImportTime" Val="1744291373"/>
        <Attr Name="UsedIn" Val="synthesis"/>
        <Attr Name="UsedIn" Val="implementation"/>
      </FileInfo>
    </File>
    <Config>
      <Option Name="ConstrsType" Val="XDC"/>
    </Config>
  </FileSet>
  <Strategy Version="1" Minor="2">
    <StratHandle Name="Vivado Implementation Defaults" Flow="Vivado Implementation 2018">
      <Desc>Default settings for Implementation.</Desc>
    </StratHandle>
    <Step Id="init_design"/>
    <Step Id="opt_design"/>
    <Step Id="power_opt_design"/>
    <Step Id="place_design"/>
    <Step Id="post_place_power_opt_design"/>
    <Step Id="phys_opt_design"/>
    <Step Id="route_design"/>
    <Step Id="post_route_phys_opt_design"/>
    <Step Id="write_bitstream"/>
  </Strategy>
</GenRun>
